ДОМБРОВСЬКИЙ ОЛЕКСАНДР ГЕОРГІЙОВИЧ	1 сесія	""	  Зареєстрований
ДОМБРОВСЬКИЙ ОЛЕКСАНДР ГЕОРГІЙОВИЧ	1 сесія	""	  Зареєстрований
ДОМБРОВСЬКИЙ ОЛЕКСАНДР ГЕОРГІЙОВИЧ	1 сесія	""	  Зареєстрований
ДОМБРОВСЬКИЙ ОЛЕКСАНДР ГЕОРГІЙОВИЧ	1 сесія	""	  Зареєстрований
ДОМБРОВСЬКИЙ ОЛЕКСАНДР ГЕОРГІЙОВИЧ	1 сесія	""	  Зареєстрований
ПОРОШЕНКО ОЛЕКСІЙ ПЕТРОВИЧ	1 сесія	""	  Зареєстрований
ПОРОШЕНКО ОЛЕКСІЙ ПЕТРОВИЧ	1 сесія	""	  Зареєстрований
ПОРОШЕНКО ОЛЕКСІЙ ПЕТРОВИЧ	1 сесія	""	  Зареєстрований
ПОРОШЕНКО ОЛЕКСІЙ ПЕТРОВИЧ	1 сесія	""	  Зареєстрований
ПОРОШЕНКО ОЛЕКСІЙ ПЕТРОВИЧ	1 сесія	""	  Зареєстрований
ЮРЧИШИН ПЕТРО ВАСИЛЬОВИЧ	1 сесія	""	  Зареєстрований
ЮРЧИШИН ПЕТРО ВАСИЛЬОВИЧ	1 сесія	""	  Зареєстрований
ЮРЧИШИН ПЕТРО ВАСИЛЬОВИЧ	1 сесія	""	  Зареєстрований
ЮРЧИШИН ПЕТРО ВАСИЛЬОВИЧ	1 сесія	""	  Зареєстрований
ЮРЧИШИН ПЕТРО ВАСИЛЬОВИЧ	1 сесія	""	  Зареєстрований
МЕЛЬНИЧУК ІВАН ІВАНОВИЧ	1 сесія	""	  Зареєстрований
МЕЛЬНИЧУК ІВАН ІВАНОВИЧ	1 сесія	""	  Зареєстрований
МЕЛЬНИЧУК ІВАН ІВАНОВИЧ	1 сесія	""	  Незареєстрований
МЕЛЬНИЧУК ІВАН ІВАНОВИЧ	1 сесія	""	  Зареєстрований
МЕЛЬНИЧУК ІВАН ІВАНОВИЧ	1 сесія	""	  Зареєстрований
СПОРИШ ІВАН ДМИТРОВИЧ	1 сесія	""	  Зареєстрований
СПОРИШ ІВАН ДМИТРОВИЧ	1 сесія	""	  Зареєстрований
СПОРИШ ІВАН ДМИТРОВИЧ	1 сесія	""	  Незареєстрований
СПОРИШ ІВАН ДМИТРОВИЧ	1 сесія	""	  Зареєстрований
СПОРИШ ІВАН ДМИТРОВИЧ	1 сесія	""	  Зареєстрований
МАКЕДОН ЮРІЙ МИКОЛАЙОВИЧ	1 сесія	""	  Зареєстрований
МАКЕДОН ЮРІЙ МИКОЛАЙОВИЧ	1 сесія	""	  Зареєстрований
МАКЕДОН ЮРІЙ МИКОЛАЙОВИЧ	1 сесія	""	  Незареєстрований
МАКЕДОН ЮРІЙ МИКОЛАЙОВИЧ	1 сесія	""	  Незареєстрований
МАКЕДОН ЮРІЙ МИКОЛАЙОВИЧ	1 сесія	""	  Незареєстрований
КУЧЕР МИКОЛА ІВАНОВИЧ	1 сесія	""	  Зареєстрований
КУЧЕР МИКОЛА ІВАНОВИЧ	1 сесія	""	  Зареєстрований
КУЧЕР МИКОЛА ІВАНОВИЧ	1 сесія	""	  Зареєстрований
КУЧЕР МИКОЛА ІВАНОВИЧ	1 сесія	""	  Незареєстрований
КУЧЕР МИКОЛА ІВАНОВИЧ	1 сесія	""	  Незареєстрований
ДЕМЧАК РУСЛАН ЄВГЕНІЙОВИЧ	1 сесія	""	  Зареєстрований
ДЕМЧАК РУСЛАН ЄВГЕНІЙОВИЧ	1 сесія	""	  Зареєстрований
ДЕМЧАК РУСЛАН ЄВГЕНІЙОВИЧ	1 сесія	""	  Незареєстрований
ДЕМЧАК РУСЛАН ЄВГЕНІЙОВИЧ	1 сесія	""	  Зареєстрований
ДЕМЧАК РУСЛАН ЄВГЕНІЙОВИЧ	1 сесія	""	  Зареєстрований
ГУЗЬ ІГОР ВОЛОДИМИРОВИЧ	1 сесія	""	  Зареєстрований
ГУЗЬ ІГОР ВОЛОДИМИРОВИЧ	1 сесія	""	  Зареєстрований
ГУЗЬ ІГОР ВОЛОДИМИРОВИЧ	1 сесія	""	  Зареєстрований
ГУЗЬ ІГОР ВОЛОДИМИРОВИЧ	1 сесія	""	  Зареєстрований
ГУЗЬ ІГОР ВОЛОДИМИРОВИЧ	1 сесія	""	  Зареєстрований
МАРТИНЯК СЕРГІЙ ВАСИЛЬОВИЧ	1 сесія	""	  Зареєстрований
МАРТИНЯК СЕРГІЙ ВАСИЛЬОВИЧ	1 сесія	""	  Незареєстрований
МАРТИНЯК СЕРГІЙ ВАСИЛЬОВИЧ	1 сесія	""	  Незареєстрований
МАРТИНЯК СЕРГІЙ ВАСИЛЬОВИЧ	1 сесія	""	  Зареєстрований
МАРТИНЯК СЕРГІЙ ВАСИЛЬОВИЧ	1 сесія	""	  Незареєстрований
ІВАХІВ СТЕПАН ПЕТРОВИЧ	1 сесія	""	  Зареєстрований
ІВАХІВ СТЕПАН ПЕТРОВИЧ	1 сесія	""	  Зареєстрований
ІВАХІВ СТЕПАН ПЕТРОВИЧ	1 сесія	""	  Зареєстрований
ІВАХІВ СТЕПАН ПЕТРОВИЧ	1 сесія	""	  Зареєстрований
ІВАХІВ СТЕПАН ПЕТРОВИЧ	1 сесія	""	  Зареєстрований
ЛАПІН ІГОР ОЛЕКСАНДРОВИЧ	1 сесія	""	  Зареєстрований
ЛАПІН ІГОР ОЛЕКСАНДРОВИЧ	1 сесія	""	  Зареєстрований
ЛАПІН ІГОР ОЛЕКСАНДРОВИЧ	1 сесія	""	  Зареєстрований
ЛАПІН ІГОР ОЛЕКСАНДРОВИЧ	1 сесія	""	  Зареєстрований
ЛАПІН ІГОР ОЛЕКСАНДРОВИЧ	1 сесія	""	  Зареєстрований
